Area,Midpoint,Confidence,ID,Class
1629.8713,"(764.1011962890625, 569.6212158203125)",0.6673303,1.0,4.0
1598.6123,"(763.3602294921875, 569.9087524414062)",0.6892724,1.0,4.0
1634.4215,"(762.5098876953125, 570.2496337890625)",0.6883185,1.0,4.0
1618.5693,"(762.64208984375, 569.7235107421875)",0.6793385,1.0,4.0
1667.324,"(763.0720825195312, 568.546142578125)",0.65071356,1.0,4.0
1651.3788,"(763.4816284179688, 567.12939453125)",0.65467364,1.0,4.0
1677.1698,"(764.5127563476562, 565.9422607421875)",0.6047413,1.0,4.0
1707.5764,"(765.495361328125, 565.3010864257812)",0.5703519,1.0,4.0
1701.1116,"(766.3890991210938, 564.7255859375)",0.56030613,1.0,4.0
1695.1362,"(766.5406494140625, 564.7012329101562)",0.5671548,1.0,4.0
1687.1207,"(766.7454223632812, 564.6602783203125)",0.56326765,1.0,4.0
1688.8115,"(766.0032958984375, 565.188720703125)",0.5936619,1.0,4.0
1623.3683,"(763.9660034179688, 565.6009521484375)",0.652614,1.0,4.0
1584.8402,"(761.1484375, 566.939453125)",0.6865941,1.0,4.0
1647.5701,"(760.3072509765625, 568.1780395507812)",0.65837556,1.0,4.0
1684.4478,"(759.681884765625, 568.2815551757812)",0.6369394,1.0,4.0
1681.0165,"(758.459228515625, 566.9056396484375)",0.64460135,1.0,4.0
1742.362,"(758.423095703125, 565.4464111328125)",0.6272697,1.0,4.0
1710.8406,"(759.3209228515625, 563.6038208007812)",0.61578095,1.0,4.0
1724.6265,"(760.0491943359375, 562.268310546875)",0.6237339,1.0,4.0
1767.527,"(762.0247802734375, 562.0377807617188)",0.6255418,1.0,4.0
1787.2745,"(762.363037109375, 561.6048583984375)",0.6515107,1.0,4.0
1829.7549,"(762.583740234375, 561.7030029296875)",0.62288547,1.0,4.0
1840.128,"(762.66748046875, 562.0047607421875)",0.6180342,1.0,4.0
1774.6111,"(763.592529296875, 562.4308471679688)",0.52941567,1.0,4.0
1737.5503,"(762.942626953125, 563.1744384765625)",0.55859923,1.0,4.0
1751.2292,"(761.8823852539062, 563.6590576171875)",0.5207223,1.0,4.0
1746.444,"(761.2833251953125, 563.6070556640625)",0.51302767,1.0,4.0
1712.9784,"(760.3231201171875, 563.1240844726562)",0.5358759,1.0,4.0
1752.3508,"(759.2459716796875, 562.8642578125)",0.62059677,1.0,4.0
1750.7069,"(758.5673217773438, 561.2427978515625)",0.5965076,1.0,4.0
1792.9354,"(757.8746337890625, 559.4529418945312)",0.55238634,1.0,4.0
1854.4656,"(757.408203125, 558.5977783203125)",0.5818103,1.0,4.0
1864.0397,"(757.5521850585938, 558.275634765625)",0.616627,1.0,4.0
1915.1377,"(757.450439453125, 558.048095703125)",0.49440184,1.0,4.0
1914.854,"(757.5848388671875, 558.04736328125)",0.5020026,1.0,4.0
1781.6572,"(757.406982421875, 559.146484375)",0.50100166,1.0,4.0
1748.7611,"(757.1691284179688, 560.24951171875)",0.54998815,1.0,4.0
1808.511,"(758.2711791992188, 561.49267578125)",0.5368015,1.0,4.0
1825.6727,"(758.4205322265625, 562.2879638671875)",0.56688714,1.0,4.0
1827.8503,"(758.6573486328125, 562.087890625)",0.5206506,1.0,4.0
1795.7634,"(758.6722412109375, 561.2596435546875)",0.47338456,1.0,4.0
1783.6226,"(758.93408203125, 560.4801025390625)",0.46419463,1.0,4.0
1780.3655,"(759.1522216796875, 560.1928100585938)",0.46981126,1.0,4.0
1830.7831,"(758.9580078125, 560.2400512695312)",0.48966226,1.0,4.0
1883.5337,"(758.9569091796875, 560.183837890625)",0.42571783,1.0,4.0
1924.5234,"(758.8685302734375, 559.1388549804688)",0.4366416,1.0,4.0
1951.2971,"(758.6702880859375, 558.8373413085938)",0.43705863,1.0,4.0
1916.0017,"(760.099609375, 559.8917236328125)",0.469571,1.0,4.0
1896.5076,"(760.4161376953125, 560.2572021484375)",0.4792718,1.0,4.0
1844.5817,"(760.8739013671875, 560.303955078125)",0.5143368,1.0,4.0
1843.7046,"(760.5828857421875, 560.2739868164062)",0.50554466,1.0,4.0
1798.2302,"(760.6373291015625, 560.1868896484375)",0.54880756,1.0,4.0
1810.3224,"(760.3187255859375, 560.3408203125)",0.55247664,1.0,4.0
1804.422,"(760.3234252929688, 560.516357421875)",0.5241993,1.0,4.0
1839.2549,"(759.9503173828125, 560.4000244140625)",0.5441821,1.0,4.0
1818.5931,"(759.7708740234375, 559.5882568359375)",0.5377752,1.0,4.0
1793.3842,"(759.80517578125, 558.8250732421875)",0.5190664,1.0,4.0
1820.5394,"(759.721435546875, 558.9114990234375)",0.44461334,1.0,4.0
1875.6782,"(759.6126708984375, 559.3438720703125)",0.41776568,1.0,4.0
1807.7603,"(759.9488525390625, 558.5880126953125)",0.3857338,1.0,4.0
1779.8619,"(760.0703125, 557.920654296875)",0.38152486,1.0,4.0
1748.2872,"(760.3258056640625, 557.6033325195312)",0.41001546,1.0,4.0
1741.7129,"(760.1022338867188, 557.6375732421875)",0.4506736,1.0,4.0
1763.6058,"(760.0158081054688, 557.6309204101562)",0.5523171,1.0,4.0
1837.7434,"(759.8077392578125, 557.326171875)",0.49343818,1.0,4.0
1868.3065,"(760.0751953125, 557.26953125)",0.51599044,1.0,4.0
1903.358,"(760.0325927734375, 557.3387451171875)",0.5053399,1.0,4.0
1901.8586,"(759.5625, 555.867431640625)",0.3979861,1.0,4.0
1945.6469,"(758.609130859375, 554.632568359375)",0.39191002,1.0,4.0
2115.2207,"(757.2407836914062, 552.9437255859375)",0.313556,1.0,2.0
2138.963,"(756.456298828125, 552.0390014648438)",0.23147827,1.0,2.0
2150.81,"(756.1241455078125, 551.7455444335938)",0.3019064,1.0,2.0
2156.684,"(755.6072387695312, 551.884765625)",0.2507765,1.0,2.0
2133.5068,"(754.943359375, 551.1091918945312)",0.26963088,1.0,2.0
2121.3499,"(754.5309448242188, 550.9072875976562)",0.24438375,1.0,2.0
2104.249,"(754.6075439453125, 551.1982421875)",0.23544559,1.0,2.0
2092.3948,"(754.6346435546875, 551.0236206054688)",0.24415474,1.0,2.0
2104.279,"(755.05029296875, 551.0111083984375)",0.3030061,1.0,2.0
2086.7512,"(755.8934936523438, 551.1660766601562)",0.357051,1.0,2.0
2025.1312,"(756.3793334960938, 550.8864135742188)",0.33435115,1.0,2.0
1958.1769,"(756.59716796875, 550.7456665039062)",0.2567945,1.0,2.0
1918.4991,"(757.628662109375, 550.82861328125)",0.3104752,1.0,2.0
1912.1184,"(758.1085205078125, 550.7899169921875)",0.3228435,1.0,2.0
1835.551,"(757.6929931640625, 550.019287109375)",0.45831764,1.0,2.0
1796.679,"(756.6599731445312, 550.1810913085938)",0.43051258,1.0,2.0
1881.774,"(755.8673706054688, 549.6929931640625)",0.390947,1.0,2.0
1924.325,"(755.9879150390625, 549.9927978515625)",0.2676542,1.0,2.0
1953.706,"(754.7667236328125, 549.296630859375)",0.3026631,1.0,2.0
1855.3003,"(752.0587158203125, 548.708251953125)",0.3598354,1.0,4.0
1818.6187,"(752.0029907226562, 549.2657470703125)",0.37343526,1.0,4.0
1812.4652,"(751.6265258789062, 549.00830078125)",0.44870335,1.0,4.0
1762.1807,"(751.521728515625, 548.1661376953125)",0.4707582,1.0,4.0
1720.5277,"(751.6109619140625, 547.490478515625)",0.49405202,1.0,4.0
1692.9869,"(752.0444946289062, 546.6954956054688)",0.46921727,1.0,4.0
1698.7032,"(752.180908203125, 546.4869995117188)",0.53007483,1.0,4.0
1587.5502,"(752.1304931640625, 546.5496826171875)",0.45458806,1.0,4.0
1625.1309,"(753.18994140625, 547.400634765625)",0.39967537,1.0,4.0
1666.7302,"(754.3785400390625, 548.3843383789062)",0.22196272,1.0,2.0
1731.2769,"(754.9736328125, 549.7430419921875)",0.2213535,1.0,2.0
1769.1921,"(755.2323608398438, 550.398193359375)",0.21578746,1.0,2.0
1820.8964,"(754.893310546875, 550.413330078125)",0.2197313,1.0,4.0
1794.9792,"(754.592529296875, 550.216796875)",0.28097132,1.0,4.0
1798.6438,"(754.8643798828125, 549.8142700195312)",0.22197981,1.0,4.0
1720.7571,"(754.0299072265625, 549.2245483398438)",0.44766968,1.0,4.0
1632.7035,"(752.47314453125, 548.3258056640625)",0.53231233,1.0,4.0
1594.7064,"(751.9550170898438, 547.802978515625)",0.5331479,1.0,4.0
1647.2634,"(751.3585205078125, 548.0260620117188)",0.5107929,1.0,4.0
1667.5603,"(750.5867919921875, 548.5452880859375)",0.47258645,1.0,4.0
1714.8983,"(750.3538818359375, 549.0792236328125)",0.47059932,1.0,4.0
1808.4183,"(750.89599609375, 549.8494873046875)",0.43444023,1.0,4.0
1833.8439,"(752.528564453125, 550.343017578125)",0.43878227,1.0,4.0
1811.4447,"(751.2750854492188, 550.2738037109375)",0.50728184,1.0,4.0
1810.5504,"(750.8729248046875, 550.3131713867188)",0.4819946,1.0,4.0
1761.9785,"(752.3611450195312, 550.3375244140625)",0.48918626,1.0,4.0
1734.6957,"(753.2429809570312, 550.2462158203125)",0.5073962,1.0,4.0
1680.9255,"(751.7255859375, 549.3155517578125)",0.5248224,1.0,4.0
1673.234,"(751.2119140625, 548.8160400390625)",0.5312811,1.0,4.0
1602.8679,"(750.6292724609375, 547.8973388671875)",0.54092747,1.0,4.0
1594.7423,"(750.4742431640625, 547.72802734375)",0.5404107,1.0,4.0
1584.8444,"(750.1676635742188, 548.175048828125)",0.46804136,1.0,4.0
1587.2435,"(749.437255859375, 548.72021484375)",0.46280795,1.0,4.0
1631.844,"(748.7543334960938, 548.8858642578125)",0.44898877,1.0,4.0
1680.759,"(746.5265502929688, 548.91552734375)",0.5022874,1.0,4.0
1694.6133,"(745.9382934570312, 548.6705322265625)",0.49258626,1.0,4.0
1706.7318,"(747.0440673828125, 548.3322143554688)",0.4685389,1.0,4.0
1682.1793,"(747.5763549804688, 547.4461669921875)",0.47285125,1.0,4.0
1629.5441,"(748.9344482421875, 546.9910888671875)",0.46533927,1.0,4.0
1595.8513,"(749.9786376953125, 545.7880859375)",0.48815036,1.0,4.0
1535.7208,"(750.650634765625, 544.6114501953125)",0.47911528,1.0,4.0
1434.1569,"(751.02978515625, 543.6557006835938)",0.49609163,1.0,4.0
1382.2229,"(751.312744140625, 543.448486328125)",0.51806444,1.0,4.0
1148.5519,"(748.25390625, 542.772705078125)",0.5064197,1.0,4.0
1064.4518,"(745.5223388671875, 542.1150512695312)",0.5028642,1.0,4.0
1060.1996,"(744.0986328125, 541.8472900390625)",0.49858743,1.0,4.0
1118.64,"(744.78173828125, 542.0773315429688)",0.47379652,1.0,4.0
1290.2115,"(743.885986328125, 541.4121704101562)",0.20260966,1.0,4.0
1411.4476,"(744.2680053710938, 541.4805908203125)",0.22451477,1.0,4.0
1508.5255,"(744.4652709960938, 541.7293701171875)",0.28789192,1.0,4.0
1519.7233,"(744.2880859375, 541.465576171875)",0.31053853,1.0,4.0
1573.8289,"(743.6486206054688, 541.2275390625)",0.13669121,1.0,4.0
1586.068,"(743.2637939453125, 540.8795166015625)",0.12469578,1.0,4.0
1535.6361,"(742.97314453125, 539.9398193359375)",0.26852682,1.0,4.0
1602.1665,"(742.4300537109375, 539.1064453125)",0.10373486,1.0,2.0
1667.6443,"(743.3988647460938, 540.08056640625)",0.1951134,1.0,2.0
1682.9808,"(743.013916015625, 539.0023193359375)",0.11237657,1.0,2.0
1718.5175,"(741.8966064453125, 539.0025634765625)",0.16500296,1.0,2.0
1748.8956,"(741.20458984375, 539.2139892578125)",0.19414634,1.0,2.0
1787.1504,"(740.770751953125, 539.27783203125)",0.2007636,1.0,2.0
1784.249,"(740.3614501953125, 539.607177734375)",0.19085497,1.0,2.0
1678.7749,"(741.75341796875, 539.7131958007812)",0.184834,1.0,2.0
1791.061,"(740.518310546875, 538.9300537109375)",0.20862646,1.0,2.0
1822.7976,"(739.263671875, 538.1033325195312)",0.35803598,1.0,2.0
1871.0652,"(738.7958984375, 537.3641357421875)",0.32291305,1.0,2.0
1865.9796,"(736.737548828125, 535.24365234375)",0.5042389,1.0,2.0
1921.462,"(735.6165771484375, 534.0760498046875)",0.51743466,1.0,2.0
1990.3065,"(733.947021484375, 534.3780517578125)",0.50822526,1.0,2.0
2027.6244,"(733.18701171875, 534.7236328125)",0.5108877,1.0,2.0
2039.9784,"(733.4876098632812, 535.4261474609375)",0.45704287,1.0,2.0
2015.7052,"(733.744384765625, 536.1732177734375)",0.4062923,1.0,2.0
1963.0842,"(733.3414306640625, 536.1349487304688)",0.3919037,1.0,2.0
1937.8214,"(732.7919921875, 535.4395141601562)",0.5055741,1.0,2.0
1954.5156,"(732.9969482421875, 535.1593017578125)",0.49522123,1.0,2.0
1919.6068,"(734.0768432617188, 535.492431640625)",0.46214265,1.0,2.0
1909.3282,"(735.112060546875, 536.0139770507812)",0.33051598,1.0,2.0
1864.2727,"(736.0635375976562, 536.6173095703125)",0.20471464,1.0,2.0
1822.1514,"(736.9013671875, 536.4129028320312)",0.34498754,1.0,4.0
2122.5232,"(735.4030151367188, 533.7471923828125)",0.5131421,1.0,2.0
2310.4678,"(734.2572631835938, 532.590087890625)",0.619156,1.0,2.0
2327.5286,"(733.56591796875, 532.1763916015625)",0.60084695,1.0,2.0
2352.093,"(733.0321044921875, 532.0938110351562)",0.61980075,1.0,2.0
2328.6865,"(732.4092407226562, 532.222412109375)",0.5935498,1.0,2.0
2341.3867,"(731.968505859375, 532.2938842773438)",0.5926352,1.0,2.0
2341.5945,"(731.9027709960938, 532.5865478515625)",0.5854429,1.0,2.0
2332.1436,"(731.7279052734375, 532.5932006835938)",0.57865727,1.0,2.0
2325.156,"(731.6749267578125, 532.442626953125)",0.5933224,1.0,2.0
2413.3398,"(730.9761352539062, 531.3289794921875)",0.6158632,1.0,2.0
2436.6907,"(731.0074462890625, 530.8428955078125)",0.5982588,1.0,2.0
2360.4492,"(732.5116577148438, 531.14501953125)",0.58771163,1.0,2.0
2466.1123,"(732.24853515625, 530.186767578125)",0.5881544,1.0,2.0
2504.1104,"(734.644287109375, 532.8685302734375)",0.6001981,1.0,2.0
2596.006,"(735.072998046875, 533.3572387695312)",0.6031714,1.0,2.0
2583.7761,"(735.8001098632812, 534.3594970703125)",0.6004245,1.0,2.0
2610.637,"(735.1611328125, 533.74755859375)",0.5980282,1.0,2.0
2486.5696,"(734.7098388671875, 532.6583251953125)",0.60478306,1.0,2.0
2411.331,"(734.204345703125, 532.1402587890625)",0.5995885,1.0,2.0
2331.1423,"(733.8905029296875, 532.6365356445312)",0.54172903,1.0,2.0
2346.7598,"(732.861083984375, 532.0988159179688)",0.5669087,1.0,2.0
2385.0916,"(732.5972900390625, 532.1632690429688)",0.5851231,1.0,2.0
2370.1362,"(733.0654296875, 532.66796875)",0.5934757,1.0,2.0
2362.78,"(733.1367797851562, 532.4913940429688)",0.57435614,1.0,2.0
2347.5715,"(733.054443359375, 532.1026611328125)",0.5806713,1.0,2.0
2453.878,"(732.5833740234375, 532.188720703125)",0.6562832,1.0,2.0
2510.8025,"(732.549072265625, 532.441162109375)",0.6156398,1.0,2.0
2527.6284,"(732.9501953125, 532.5415649414062)",0.61088675,1.0,2.0
2584.4863,"(733.2656860351562, 533.2335205078125)",0.6135438,1.0,2.0
2641.404,"(734.119140625, 534.0335693359375)",0.5977082,1.0,2.0
2646.5032,"(734.5726318359375, 534.1055297851562)",0.5740936,1.0,2.0
2628.023,"(734.381591796875, 533.915283203125)",0.572287,1.0,2.0
2650.6128,"(734.2553100585938, 534.5191040039062)",0.5974773,1.0,2.0
2560.645,"(733.43798828125, 533.22998046875)",0.5539442,1.0,2.0
2543.8965,"(732.9953002929688, 532.7694091796875)",0.54738927,1.0,2.0
2483.0679,"(733.3906860351562, 533.8546142578125)",0.5810693,1.0,2.0
2426.1433,"(733.7757568359375, 534.3165283203125)",0.56733656,1.0,2.0
2438.3433,"(732.5062255859375, 533.3645629882812)",0.5919856,1.0,2.0
2446.26,"(732.0118408203125, 532.9461669921875)",0.59988,1.0,2.0
2435.8228,"(731.7806396484375, 532.6874389648438)",0.5925495,1.0,2.0
2390.8855,"(731.5870361328125, 532.40576171875)",0.557377,1.0,2.0
2406.696,"(731.5408935546875, 532.1051025390625)",0.5557846,1.0,2.0
2417.38,"(731.2335205078125, 530.9974975585938)",0.5586914,1.0,2.0
2420.8132,"(731.4904174804688, 530.9701538085938)",0.55394197,1.0,2.0
2424.6318,"(732.078369140625, 531.7510375976562)",0.49403718,1.0,2.0
2438.9385,"(732.3221435546875, 531.83349609375)",0.52979577,1.0,2.0
2440.6091,"(732.2855224609375, 531.7344970703125)",0.53468907,1.0,2.0
2444.6768,"(732.9405517578125, 532.2401123046875)",0.50335807,1.0,2.0
2321.664,"(733.5059204101562, 532.71337890625)",0.4795369,1.0,2.0
2367.0713,"(734.1981201171875, 533.8818969726562)",0.5276356,1.0,2.0
2343.5823,"(734.5128173828125, 534.34423828125)",0.4956681,1.0,2.0
2343.5518,"(734.2646484375, 534.6988525390625)",0.50777435,1.0,2.0
2353.6567,"(733.8986206054688, 534.896484375)",0.52206075,1.0,2.0
2364.0186,"(733.8966064453125, 535.344482421875)",0.54404396,1.0,2.0
2377.9446,"(733.8626708984375, 535.4608154296875)",0.5490797,1.0,2.0
2387.491,"(734.0086059570312, 535.3181762695312)",0.5440403,1.0,2.0
2377.5188,"(734.2470092773438, 535.2322387695312)",0.52314675,1.0,2.0
2364.0945,"(734.344482421875, 535.009033203125)",0.50080174,1.0,2.0
2486.4116,"(734.1571044921875, 534.2254028320312)",0.5056633,1.0,2.0
2554.1743,"(734.68310546875, 534.3494873046875)",0.49132144,1.0,2.0
2583.1558,"(735.154052734375, 535.0328979492188)",0.5025944,1.0,2.0
2604.5105,"(734.7576904296875, 533.7940673828125)",0.5939825,1.0,2.0
2618.4766,"(734.5969848632812, 533.2576904296875)",0.6010931,1.0,2.0
2612.5325,"(734.5897827148438, 533.1387939453125)",0.59062403,1.0,2.0
2614.5496,"(734.3787841796875, 532.9307861328125)",0.60003024,1.0,2.0
2617.4763,"(733.7168579101562, 532.4185180664062)",0.5991061,1.0,2.0
2532.6223,"(733.6689453125, 532.322265625)",0.5662991,1.0,2.0
2524.8813,"(732.996826171875, 531.562255859375)",0.59306014,1.0,2.0
2531.1414,"(732.645751953125, 531.035888671875)",0.604959,1.0,2.0
2529.1626,"(732.609375, 531.1993408203125)",0.5931434,1.0,2.0
2504.5325,"(732.9442749023438, 532.12939453125)",0.56044686,1.0,2.0
2546.9275,"(733.5232543945312, 533.91455078125)",0.5325429,1.0,2.0
2363.789,"(734.3748168945312, 536.285400390625)",0.48326796,1.0,2.0
2591.723,"(734.4417724609375, 536.5845336914062)",0.4578447,1.0,2.0
2504.9385,"(735.405517578125, 537.2776489257812)",0.39021686,1.0,2.0
2345.0967,"(736.0628662109375, 537.706298828125)",0.44010434,1.0,2.0
2638.281,"(735.9298706054688, 535.9583740234375)",0.4220671,1.0,2.0
2822.012,"(735.60400390625, 534.83642578125)",0.5034401,1.0,2.0
2882.979,"(735.3602294921875, 534.1597900390625)",0.5213717,1.0,2.0
2863.4216,"(735.285888671875, 533.6328125)",0.517608,1.0,2.0
2816.338,"(735.5123291015625, 533.5796508789062)",0.44913906,1.0,2.0
2763.3457,"(735.471435546875, 533.5447387695312)",0.44922036,1.0,2.0
2723.2998,"(734.9066772460938, 533.2969970703125)",0.49219733,1.0,2.0
2522.33,"(735.1417236328125, 534.251220703125)",0.4321739,1.0,2.0
2477.219,"(735.1558837890625, 534.742431640625)",0.46359333,1.0,2.0
2341.3665,"(734.3563232421875, 536.0053100585938)",0.62306195,1.0,2.0
2283.5212,"(734.0631713867188, 536.5589599609375)",0.6189652,1.0,2.0
2296.0532,"(734.22998046875, 537.240234375)",0.61593986,1.0,2.0
2250.3188,"(734.3642578125, 537.00341796875)",0.5692085,1.0,2.0
2255.6306,"(735.1756591796875, 537.908935546875)",0.5352638,1.0,2.0
2303.7986,"(735.8553466796875, 538.3606567382812)",0.53401524,1.0,2.0
2413.7007,"(736.1488037109375, 538.2980346679688)",0.5436578,1.0,2.0
2493.4348,"(736.74072265625, 538.462646484375)",0.54524046,1.0,2.0
2491.237,"(736.9932861328125, 538.3075561523438)",0.49291575,1.0,2.0
2502.1162,"(736.945556640625, 537.7371826171875)",0.49784958,1.0,2.0
2528.374,"(737.0857543945312, 537.8702392578125)",0.503098,1.0,2.0
2539.4731,"(736.6256103515625, 537.305419921875)",0.50098926,1.0,2.0
2594.9783,"(736.3843994140625, 537.5240478515625)",0.4926558,1.0,2.0
2563.3708,"(736.2918701171875, 537.1237182617188)",0.45930585,1.0,2.0
2735.7068,"(734.9874267578125, 535.7432250976562)",0.5190153,1.0,2.0
2618.5203,"(735.1466064453125, 536.0185546875)",0.49971452,1.0,2.0
2667.6428,"(734.0515747070312, 535.2769775390625)",0.5103843,1.0,2.0
2688.2534,"(733.5013427734375, 534.9944458007812)",0.5345539,1.0,2.0
2582.1865,"(734.0151977539062, 535.9642333984375)",0.4749854,1.0,2.0
2652.715,"(733.5931396484375, 535.06494140625)",0.48978144,1.0,2.0
2540.708,"(734.7275390625, 536.9376220703125)",0.4022023,1.0,2.0
2552.6174,"(735.1553344726562, 537.6915893554688)",0.38125822,1.0,2.0
2601.5964,"(735.9058837890625, 538.0753173828125)",0.4210419,1.0,2.0
2383.29,"(737.072509765625, 538.6317138671875)",0.16974102,1.0,4.0
2752.9775,"(736.626220703125, 536.3348999023438)",0.55557317,1.0,2.0
2839.2842,"(736.5784912109375, 534.9192504882812)",0.594095,1.0,2.0
2864.8142,"(736.080078125, 533.30712890625)",0.6462087,1.0,2.0
2831.2302,"(735.51708984375, 531.8048095703125)",0.6436055,1.0,2.0
2806.7495,"(735.400390625, 531.855224609375)",0.621784,1.0,2.0
2710.6262,"(735.5904541015625, 532.8516845703125)",0.5777474,1.0,2.0
2533.9675,"(734.953369140625, 534.2448120117188)",0.50065726,1.0,2.0
2506.22,"(734.4847412109375, 535.4612426757812)",0.5027769,1.0,2.0
2498.137,"(734.8720703125, 538.659912109375)",0.5756623,1.0,2.0
2595.2444,"(733.970947265625, 537.8963012695312)",0.6485693,1.0,2.0
2557.2466,"(733.396728515625, 537.3572998046875)",0.63718665,1.0,2.0
2575.446,"(734.246337890625, 537.952392578125)",0.66398317,1.0,2.0
2667.361,"(733.6118774414062, 535.5423583984375)",0.64753246,1.0,2.0
2633.1528,"(733.7310791015625, 534.158203125)",0.6457616,1.0,2.0
2629.0137,"(734.1695556640625, 533.470703125)",0.64229834,1.0,2.0
2653.6309,"(734.7069091796875, 533.0208740234375)",0.6061275,1.0,2.0
2711.2043,"(735.07958984375, 532.822998046875)",0.6188547,1.0,2.0
2732.181,"(734.888671875, 532.0927734375)",0.6361884,1.0,2.0
2752.502,"(734.9913330078125, 532.0931396484375)",0.608732,1.0,2.0
2776.9543,"(734.65576171875, 532.1537475585938)",0.59650177,1.0,2.0
2792.6155,"(735.088623046875, 532.5155029296875)",0.5824428,1.0,2.0
2779.3076,"(735.1568603515625, 533.0101318359375)",0.5660233,1.0,2.0
2712.9097,"(735.6220092773438, 533.2763061523438)",0.54121023,1.0,2.0
2608.2502,"(735.1553955078125, 532.9992065429688)",0.62821877,1.0,2.0
2612.2556,"(735.0834350585938, 533.28125)",0.6776597,1.0,2.0
2495.795,"(735.3455200195312, 534.1430053710938)",0.6406381,1.0,2.0
2438.189,"(735.4447021484375, 533.8551635742188)",0.65373015,1.0,2.0
2520.1855,"(734.3997192382812, 532.747314453125)",0.65619385,1.0,2.0
2527.3281,"(734.8292236328125, 535.1717529296875)",0.68081564,1.0,2.0
2455.2415,"(735.2249145507812, 536.8405151367188)",0.67431486,1.0,2.0
2489.4534,"(735.3458251953125, 537.8768310546875)",0.6626988,1.0,2.0
2511.1228,"(735.6175537109375, 539.1536865234375)",0.64860195,1.0,2.0
2430.8281,"(736.3753662109375, 539.2200927734375)",0.61126405,1.0,2.0
2513.806,"(734.6661376953125, 537.207275390625)",0.6426014,1.0,2.0
2800.152,"(734.2940673828125, 534.9876098632812)",0.6781345,1.0,2.0
2891.26,"(734.4638671875, 533.257080078125)",0.7022278,1.0,2.0
2640.452,"(735.9356689453125, 534.3753051757812)",0.615616,1.0,2.0
2540.9602,"(736.6063232421875, 534.532958984375)",0.6079598,1.0,2.0
2526.0388,"(736.626708984375, 534.504150390625)",0.61809844,1.0,2.0
2637.603,"(736.091064453125, 533.8591918945312)",0.5763507,1.0,2.0
2577.0608,"(736.1913452148438, 535.7673950195312)",0.5579397,1.0,2.0
2501.089,"(735.7891235351562, 536.836181640625)",0.5308823,1.0,2.0
2428.8345,"(735.388427734375, 538.0048828125)",0.5882176,1.0,2.0
2388.2463,"(734.5579833984375, 538.0967407226562)",0.60494214,1.0,2.0
2519.93,"(734.2368774414062, 537.66064453125)",0.61350644,1.0,2.0
2538.524,"(734.1808471679688, 537.7073364257812)",0.626827,1.0,2.0
2507.153,"(734.26220703125, 537.23779296875)",0.63133943,1.0,2.0
2533.7478,"(734.1427612304688, 536.6972045898438)",0.6272404,1.0,2.0
2641.2136,"(733.7056274414062, 534.1390380859375)",0.6739082,1.0,2.0
2546.0247,"(734.9283447265625, 534.18359375)",0.6371659,1.0,2.0
2633.1812,"(735.3646240234375, 533.7291259765625)",0.614681,1.0,2.0
2632.3967,"(735.9903564453125, 534.578369140625)",0.61525327,1.0,2.0
2491.629,"(736.5449829101562, 536.2429809570312)",0.5820026,1.0,2.0
2451.1465,"(737.0698852539062, 537.5208740234375)",0.596478,1.0,2.0
2418.355,"(737.556396484375, 538.5202026367188)",0.6051636,1.0,2.0
2417.7031,"(737.5645751953125, 539.26171875)",0.5818417,1.0,2.0
2409.4658,"(737.1526489257812, 539.725341796875)",0.59057045,1.0,2.0
2383.945,"(736.29833984375, 539.4788818359375)",0.59549713,1.0,2.0
2308.0164,"(735.6869506835938, 538.830322265625)",0.5533211,1.0,2.0
2367.338,"(735.8265380859375, 537.1738891601562)",0.54113907,1.0,2.0
2380.502,"(735.6834716796875, 536.3052978515625)",0.59437346,1.0,2.0
2370.7478,"(735.58642578125, 535.789306640625)",0.5846402,1.0,2.0
2385.9216,"(735.5135498046875, 535.459228515625)",0.595808,1.0,2.0
2389.277,"(735.2723388671875, 535.7432250976562)",0.5803087,1.0,2.0
2417.2703,"(735.3175048828125, 536.1818237304688)",0.5702668,1.0,2.0
2409.7568,"(735.321533203125, 537.2049560546875)",0.5644919,1.0,2.0
2329.6292,"(734.4483032226562, 537.8865966796875)",0.63787526,1.0,2.0
2352.412,"(734.469482421875, 538.3016967773438)",0.62365246,1.0,2.0
2398.6145,"(734.6018676757812, 537.9757080078125)",0.6216009,1.0,2.0
2417.2969,"(734.8519897460938, 537.2402954101562)",0.6134186,1.0,2.0
2497.7676,"(735.781005859375, 536.9841918945312)",0.62658757,1.0,2.0
2558.993,"(735.970947265625, 535.7056274414062)",0.62240785,1.0,2.0
2746.6177,"(736.1318359375, 534.1735229492188)",0.6117957,1.0,2.0
2820.8145,"(736.2974853515625, 533.6691284179688)",0.60306257,1.0,2.0
2804.529,"(736.05029296875, 532.6679077148438)",0.61290514,1.0,2.0
2790.694,"(735.20458984375, 532.18310546875)",0.5967507,1.0,2.0
2758.0383,"(734.94921875, 532.3566284179688)",0.5572927,1.0,2.0
2738.1138,"(734.5145263671875, 533.2460327148438)",0.54224205,1.0,2.0
2635.1804,"(733.951171875, 534.9339599609375)",0.5695432,1.0,2.0
2469.7102,"(733.8668212890625, 537.51416015625)",0.5815634,1.0,2.0
2398.4734,"(733.3890991210938, 538.0062255859375)",0.62948275,1.0,2.0
2551.9844,"(732.8428955078125, 537.0985107421875)",0.63350517,1.0,2.0
2582.9832,"(733.3956909179688, 538.940185546875)",0.65932274,1.0,2.0
2619.9333,"(733.4717407226562, 539.2424926757812)",0.6192773,1.0,2.0
2408.7942,"(734.1314086914062, 537.1948852539062)",0.6186412,1.0,2.0
2487.4568,"(734.7852783203125, 534.47802734375)",0.608777,1.0,2.0
2605.1365,"(735.0703125, 532.94189453125)",0.6311873,1.0,2.0
2698.5608,"(734.9188232421875, 531.718017578125)",0.65215236,1.0,2.0
2767.2869,"(735.115966796875, 531.8721923828125)",0.6389591,1.0,2.0
2773.917,"(734.708740234375, 532.3551025390625)",0.6007341,1.0,2.0
2584.6108,"(735.0771484375, 534.2301025390625)",0.59371376,1.0,2.0
2501.5186,"(735.4174194335938, 535.735595703125)",0.58330476,1.0,2.0
2404.8665,"(735.2862548828125, 537.0840454101562)",0.569453,1.0,2.0
2395.3223,"(736.124755859375, 538.8388671875)",0.5748843,1.0,2.0
2328.4026,"(736.159423828125, 540.0146484375)",0.5549384,1.0,2.0
2317.1355,"(736.4444580078125, 540.3260498046875)",0.5157565,1.0,2.0
2395.3545,"(736.6839599609375, 540.9457397460938)",0.5958076,1.0,2.0
2413.2085,"(736.5347900390625, 540.53173828125)",0.5615888,1.0,2.0
2504.6714,"(735.591796875, 539.032958984375)",0.597233,1.0,2.0
2571.0364,"(735.3528442382812, 537.53955078125)",0.62818235,1.0,2.0
2597.9382,"(735.0228271484375, 536.3367309570312)",0.63660204,1.0,2.0
2597.896,"(734.67724609375, 536.2359619140625)",0.6336791,1.0,2.0
2503.3445,"(734.0346069335938, 536.3109741210938)",0.62461835,1.0,2.0
2542.4326,"(733.7275390625, 537.4020385742188)",0.662905,1.0,2.0
2576.1287,"(733.4306030273438, 537.8987426757812)",0.68916255,1.0,2.0
2542.8396,"(733.0556640625, 538.111572265625)",0.6892622,1.0,2.0
2461.619,"(732.7415771484375, 538.725341796875)",0.67739236,1.0,2.0
2398.348,"(732.6021728515625, 539.20263671875)",0.6547002,1.0,2.0
2389.3083,"(732.5594482421875, 539.0100708007812)",0.7170778,1.0,2.0
2470.8538,"(732.8199462890625, 538.6952514648438)",0.71961087,1.0,2.0
2438.2307,"(732.8458251953125, 537.6495971679688)",0.6894246,1.0,2.0
2415.106,"(732.9488525390625, 535.81103515625)",0.6562284,1.0,2.0
2582.3638,"(734.3990478515625, 534.4827880859375)",0.670034,1.0,2.0
2575.362,"(735.814453125, 534.6332397460938)",0.6582289,1.0,2.0
2577.0479,"(736.7909545898438, 534.3330688476562)",0.6501639,1.0,2.0
2412.1816,"(737.2891845703125, 533.9242553710938)",0.64934886,1.0,2.0
2397.3555,"(737.9954833984375, 535.1417846679688)",0.56188357,1.0,2.0
2364.7468,"(737.664306640625, 536.444580078125)",0.52071,1.0,2.0
2329.5933,"(736.4534912109375, 537.2222900390625)",0.5820046,1.0,2.0
2385.881,"(735.5827026367188, 537.6563110351562)",0.57477677,1.0,2.0
2446.3157,"(734.9273681640625, 537.63232421875)",0.65388054,1.0,2.0
2439.8647,"(734.12939453125, 537.2990112304688)",0.64390683,1.0,2.0
2453.4429,"(733.9951171875, 536.8609008789062)",0.64911914,1.0,2.0
2446.2476,"(732.8615112304688, 534.3889770507812)",0.6649932,1.0,2.0
2437.7432,"(733.5194702148438, 534.3107299804688)",0.6692741,1.0,2.0
2424.3948,"(733.1234130859375, 532.4403076171875)",0.67390794,1.0,2.0
2389.5286,"(733.376220703125, 532.3980712890625)",0.6584004,1.0,2.0
2343.2034,"(733.520751953125, 532.538330078125)",0.6600493,1.0,2.0
2393.2532,"(733.297119140625, 533.2449951171875)",0.6566588,1.0,2.0
2466.8599,"(732.9363403320312, 533.6416625976562)",0.67053854,1.0,2.0
2449.1948,"(733.1770629882812, 534.77880859375)",0.68537015,1.0,2.0
2328.4602,"(732.7235717773438, 534.693115234375)",0.69070065,1.0,2.0
2219.2534,"(732.314697265625, 535.1716918945312)",0.6924017,1.0,2.0
2157.0774,"(731.7573852539062, 535.4575805664062)",0.6818925,1.0,2.0
2243.3345,"(731.1695556640625, 535.0916748046875)",0.6928204,1.0,2.0
2272.9773,"(730.781494140625, 534.3858032226562)",0.6886142,1.0,2.0
2264.161,"(730.286865234375, 533.4774169921875)",0.686666,1.0,2.0
2158.966,"(730.243896484375, 532.4989624023438)",0.67617524,1.0,2.0
2113.0635,"(730.884765625, 531.8617553710938)",0.67480284,1.0,2.0
2209.4844,"(730.8568115234375, 531.114990234375)",0.66421574,1.0,2.0
2302.164,"(730.9573974609375, 530.719482421875)",0.7074727,1.0,2.0
2348.3167,"(730.972412109375, 531.09912109375)",0.69472337,1.0,2.0
2309.1572,"(732.2981567382812, 533.6832275390625)",0.7005134,1.0,2.0
2277.4133,"(732.5220947265625, 535.5089111328125)",0.67872363,1.0,2.0
2189.2087,"(732.52587890625, 536.685546875)",0.6839093,1.0,2.0
2262.0474,"(731.6392822265625, 537.164794921875)",0.68507963,1.0,2.0
2282.081,"(730.932861328125, 537.5009155273438)",0.6636455,1.0,2.0
2256.2234,"(729.3619384765625, 537.5449829101562)",0.6302473,1.0,2.0
2169.0432,"(728.18408203125, 536.8223876953125)",0.6389485,1.0,2.0
2160.4402,"(727.5455322265625, 536.227294921875)",0.6107557,1.0,2.0
2149.8425,"(726.89404296875, 535.0420532226562)",0.5873459,1.0,2.0
2141.7644,"(727.8416748046875, 535.9168090820312)",0.5733963,1.0,2.0
2171.8372,"(728.0515747070312, 536.1837158203125)",0.5348512,1.0,2.0
2244.3816,"(728.7605590820312, 536.4290771484375)",0.54741186,1.0,2.0
2376.0364,"(729.8781127929688, 536.949951171875)",0.5964664,1.0,2.0
2365.4421,"(730.6708984375, 537.1663208007812)",0.6054379,1.0,2.0
2448.3938,"(730.265625, 537.223388671875)",0.6823484,1.0,2.0
2452.799,"(730.8773193359375, 537.8240966796875)",0.6619066,1.0,2.0
2486.212,"(731.3643188476562, 537.52685546875)",0.6705858,1.0,2.0
2525.218,"(731.9154052734375, 537.9464111328125)",0.65807045,1.0,2.0
2550.5325,"(731.86767578125, 537.38134765625)",0.67948115,1.0,2.0
2457.7515,"(731.6923828125, 536.8360595703125)",0.6610591,1.0,2.0
2300.999,"(731.117919921875, 536.271240234375)",0.605472,1.0,2.0
2131.0813,"(730.888671875, 536.007568359375)",0.5882701,1.0,2.0
2186.7798,"(730.3526611328125, 535.2750854492188)",0.6138415,1.0,2.0
2335.668,"(729.6796875, 535.5242309570312)",0.6336878,1.0,2.0
2418.939,"(728.7611083984375, 535.5748291015625)",0.58425176,1.0,2.0
2445.3975,"(728.1779174804688, 536.658447265625)",0.55523485,1.0,2.0
2280.0002,"(728.4649658203125, 537.7396850585938)",0.5981314,1.0,2.0
2201.9097,"(727.56005859375, 537.980712890625)",0.5757358,1.0,2.0
2183.066,"(727.66943359375, 538.1680908203125)",0.5968498,1.0,2.0
2200.2764,"(728.319091796875, 538.6314697265625)",0.6307705,1.0,2.0
2232.2676,"(728.6072998046875, 538.7429809570312)",0.64695346,1.0,2.0
2317.8135,"(729.1097412109375, 538.2606201171875)",0.662113,1.0,2.0
2294.9277,"(730.0257568359375, 537.9114990234375)",0.6663665,1.0,2.0
2300.8804,"(730.8855590820312, 537.8746337890625)",0.656568,1.0,2.0
2280.757,"(731.4434814453125, 537.5427856445312)",0.6564183,1.0,2.0
2172.9717,"(731.771484375, 536.2698364257812)",0.6575314,1.0,2.0
2245.587,"(732.4823608398438, 535.6766357421875)",0.6682041,1.0,2.0
2410.7104,"(733.158447265625, 535.9921875)",0.6520264,1.0,2.0
