ID	Class	Confidence	Midpoint	Area
1.0	4.0	0.6673303	(764.1011962890625, 569.6212158203125)	1629.8713
1.0	4.0	0.6892724	(763.3602294921875, 569.9087524414062)	1598.6123
1.0	4.0	0.6883185	(762.5098876953125, 570.2496337890625)	1634.4215
1.0	4.0	0.6793385	(762.64208984375, 569.7235107421875)	1618.5693
1.0	4.0	0.65071356	(763.0720825195312, 568.546142578125)	1667.324
1.0	4.0	0.65467364	(763.4816284179688, 567.12939453125)	1651.3788
1.0	4.0	0.6047413	(764.5127563476562, 565.9422607421875)	1677.1698
1.0	4.0	0.5703519	(765.495361328125, 565.3010864257812)	1707.5764
1.0	4.0	0.56030613	(766.3890991210938, 564.7255859375)	1701.1116
1.0	4.0	0.5671548	(766.5406494140625, 564.7012329101562)	1695.1362
1.0	4.0	0.56326765	(766.7454223632812, 564.6602783203125)	1687.1207
1.0	4.0	0.5936619	(766.0032958984375, 565.188720703125)	1688.8115
1.0	4.0	0.652614	(763.9660034179688, 565.6009521484375)	1623.3683
1.0	4.0	0.6865941	(761.1484375, 566.939453125)	1584.8402
1.0	4.0	0.65837556	(760.3072509765625, 568.1780395507812)	1647.5701
1.0	4.0	0.6369394	(759.681884765625, 568.2815551757812)	1684.4478
1.0	4.0	0.64460135	(758.459228515625, 566.9056396484375)	1681.0165
1.0	4.0	0.6272697	(758.423095703125, 565.4464111328125)	1742.362
1.0	4.0	0.61578095	(759.3209228515625, 563.6038208007812)	1710.8406
1.0	4.0	0.6237339	(760.0491943359375, 562.268310546875)	1724.6265
1.0	4.0	0.6255418	(762.0247802734375, 562.0377807617188)	1767.527
1.0	4.0	0.6515107	(762.363037109375, 561.6048583984375)	1787.2745
1.0	4.0	0.62288547	(762.583740234375, 561.7030029296875)	1829.7549
1.0	4.0	0.6180342	(762.66748046875, 562.0047607421875)	1840.128
1.0	4.0	0.52941567	(763.592529296875, 562.4308471679688)	1774.6111
1.0	4.0	0.55859923	(762.942626953125, 563.1744384765625)	1737.5503
1.0	4.0	0.5207223	(761.8823852539062, 563.6590576171875)	1751.2292
1.0	4.0	0.51302767	(761.2833251953125, 563.6070556640625)	1746.444
1.0	4.0	0.5358759	(760.3231201171875, 563.1240844726562)	1712.9784
1.0	4.0	0.62059677	(759.2459716796875, 562.8642578125)	1752.3508
1.0	4.0	0.5965076	(758.5673217773438, 561.2427978515625)	1750.7069
1.0	4.0	0.55238634	(757.8746337890625, 559.4529418945312)	1792.9354
1.0	4.0	0.5818103	(757.408203125, 558.5977783203125)	1854.4656
1.0	4.0	0.616627	(757.5521850585938, 558.275634765625)	1864.0397
1.0	4.0	0.49440184	(757.450439453125, 558.048095703125)	1915.1377
1.0	4.0	0.5020026	(757.5848388671875, 558.04736328125)	1914.854
1.0	4.0	0.50100166	(757.406982421875, 559.146484375)	1781.6572
1.0	4.0	0.54998815	(757.1691284179688, 560.24951171875)	1748.7611
1.0	4.0	0.5368015	(758.2711791992188, 561.49267578125)	1808.511
1.0	4.0	0.56688714	(758.4205322265625, 562.2879638671875)	1825.6727
1.0	4.0	0.5206506	(758.6573486328125, 562.087890625)	1827.8503
1.0	4.0	0.47338456	(758.6722412109375, 561.2596435546875)	1795.7634
1.0	4.0	0.46419463	(758.93408203125, 560.4801025390625)	1783.6226
1.0	4.0	0.46981126	(759.1522216796875, 560.1928100585938)	1780.3655
1.0	4.0	0.48966226	(758.9580078125, 560.2400512695312)	1830.7831
1.0	4.0	0.42571783	(758.9569091796875, 560.183837890625)	1883.5337
1.0	4.0	0.4366416	(758.8685302734375, 559.1388549804688)	1924.5234
1.0	4.0	0.43705863	(758.6702880859375, 558.8373413085938)	1951.2971
1.0	4.0	0.469571	(760.099609375, 559.8917236328125)	1916.0017
1.0	4.0	0.4792718	(760.4161376953125, 560.2572021484375)	1896.5076
1.0	4.0	0.5143368	(760.8739013671875, 560.303955078125)	1844.5817
1.0	4.0	0.50554466	(760.5828857421875, 560.2739868164062)	1843.7046
1.0	4.0	0.54880756	(760.6373291015625, 560.1868896484375)	1798.2302
1.0	4.0	0.55247664	(760.3187255859375, 560.3408203125)	1810.3224
1.0	4.0	0.5241993	(760.3234252929688, 560.516357421875)	1804.422
1.0	4.0	0.5441821	(759.9503173828125, 560.4000244140625)	1839.2549
1.0	4.0	0.5377752	(759.7708740234375, 559.5882568359375)	1818.5931
1.0	4.0	0.5190664	(759.80517578125, 558.8250732421875)	1793.3842
1.0	4.0	0.44461334	(759.721435546875, 558.9114990234375)	1820.5394
1.0	4.0	0.41776568	(759.6126708984375, 559.3438720703125)	1875.6782
1.0	4.0	0.3857338	(759.9488525390625, 558.5880126953125)	1807.7603
1.0	4.0	0.38152486	(760.0703125, 557.920654296875)	1779.8619
1.0	4.0	0.41001546	(760.3258056640625, 557.6033325195312)	1748.2872
1.0	4.0	0.4506736	(760.1022338867188, 557.6375732421875)	1741.7129
1.0	4.0	0.5523171	(760.0158081054688, 557.6309204101562)	1763.6058
1.0	4.0	0.49343818	(759.8077392578125, 557.326171875)	1837.7434
1.0	4.0	0.51599044	(760.0751953125, 557.26953125)	1868.3065
1.0	4.0	0.5053399	(760.0325927734375, 557.3387451171875)	1903.358
1.0	4.0	0.3979861	(759.5625, 555.867431640625)	1901.8586
1.0	4.0	0.39191002	(758.609130859375, 554.632568359375)	1945.6469
1.0	2.0	0.313556	(757.2407836914062, 552.9437255859375)	2115.2207
1.0	2.0	0.23147827	(756.456298828125, 552.0390014648438)	2138.963
1.0	2.0	0.3019064	(756.1241455078125, 551.7455444335938)	2150.81
1.0	2.0	0.2507765	(755.6072387695312, 551.884765625)	2156.684
1.0	2.0	0.26963088	(754.943359375, 551.1091918945312)	2133.5068
1.0	2.0	0.24438375	(754.5309448242188, 550.9072875976562)	2121.3499
1.0	2.0	0.23544559	(754.6075439453125, 551.1982421875)	2104.249
1.0	2.0	0.24415474	(754.6346435546875, 551.0236206054688)	2092.3948
1.0	2.0	0.3030061	(755.05029296875, 551.0111083984375)	2104.279
1.0	2.0	0.357051	(755.8934936523438, 551.1660766601562)	2086.7512
1.0	2.0	0.33435115	(756.3793334960938, 550.8864135742188)	2025.1312
1.0	2.0	0.2567945	(756.59716796875, 550.7456665039062)	1958.1769
1.0	2.0	0.3104752	(757.628662109375, 550.82861328125)	1918.4991
1.0	2.0	0.3228435	(758.1085205078125, 550.7899169921875)	1912.1184
1.0	2.0	0.45831764	(757.6929931640625, 550.019287109375)	1835.551
1.0	2.0	0.43051258	(756.6599731445312, 550.1810913085938)	1796.679
1.0	2.0	0.390947	(755.8673706054688, 549.6929931640625)	1881.774
1.0	2.0	0.2676542	(755.9879150390625, 549.9927978515625)	1924.325
1.0	2.0	0.3026631	(754.7667236328125, 549.296630859375)	1953.706
1.0	4.0	0.3598354	(752.0587158203125, 548.708251953125)	1855.3003
1.0	4.0	0.37343526	(752.0029907226562, 549.2657470703125)	1818.6187
1.0	4.0	0.44870335	(751.6265258789062, 549.00830078125)	1812.4652
1.0	4.0	0.4707582	(751.521728515625, 548.1661376953125)	1762.1807
1.0	4.0	0.49405202	(751.6109619140625, 547.490478515625)	1720.5277
1.0	4.0	0.46921727	(752.0444946289062, 546.6954956054688)	1692.9869
1.0	4.0	0.53007483	(752.180908203125, 546.4869995117188)	1698.7032
1.0	4.0	0.45458806	(752.1304931640625, 546.5496826171875)	1587.5502
1.0	4.0	0.39967537	(753.18994140625, 547.400634765625)	1625.1309
1.0	2.0	0.22196272	(754.3785400390625, 548.3843383789062)	1666.7302
1.0	2.0	0.2213535	(754.9736328125, 549.7430419921875)	1731.2769
1.0	2.0	0.21578746	(755.2323608398438, 550.398193359375)	1769.1921
1.0	4.0	0.2197313	(754.893310546875, 550.413330078125)	1820.8964
1.0	4.0	0.28097132	(754.592529296875, 550.216796875)	1794.9792
1.0	4.0	0.22197981	(754.8643798828125, 549.8142700195312)	1798.6438
1.0	4.0	0.44766968	(754.0299072265625, 549.2245483398438)	1720.7571
1.0	4.0	0.53231233	(752.47314453125, 548.3258056640625)	1632.7035
1.0	4.0	0.5331479	(751.9550170898438, 547.802978515625)	1594.7064
1.0	4.0	0.5107929	(751.3585205078125, 548.0260620117188)	1647.2634
1.0	4.0	0.47258645	(750.5867919921875, 548.5452880859375)	1667.5603
1.0	4.0	0.47059932	(750.3538818359375, 549.0792236328125)	1714.8983
1.0	4.0	0.43444023	(750.89599609375, 549.8494873046875)	1808.4183
1.0	4.0	0.43878227	(752.528564453125, 550.343017578125)	1833.8439
1.0	4.0	0.50728184	(751.2750854492188, 550.2738037109375)	1811.4447
1.0	4.0	0.4819946	(750.8729248046875, 550.3131713867188)	1810.5504
1.0	4.0	0.48918626	(752.3611450195312, 550.3375244140625)	1761.9785
1.0	4.0	0.5073962	(753.2429809570312, 550.2462158203125)	1734.6957
1.0	4.0	0.5248224	(751.7255859375, 549.3155517578125)	1680.9255
1.0	4.0	0.5312811	(751.2119140625, 548.8160400390625)	1673.234
1.0	4.0	0.54092747	(750.6292724609375, 547.8973388671875)	1602.8679
1.0	4.0	0.5404107	(750.4742431640625, 547.72802734375)	1594.7423
1.0	4.0	0.46804136	(750.1676635742188, 548.175048828125)	1584.8444
1.0	4.0	0.46280795	(749.437255859375, 548.72021484375)	1587.2435
1.0	4.0	0.44898877	(748.7543334960938, 548.8858642578125)	1631.844
1.0	4.0	0.5022874	(746.5265502929688, 548.91552734375)	1680.759
1.0	4.0	0.49258626	(745.9382934570312, 548.6705322265625)	1694.6133
1.0	4.0	0.4685389	(747.0440673828125, 548.3322143554688)	1706.7318
1.0	4.0	0.47285125	(747.5763549804688, 547.4461669921875)	1682.1793
1.0	4.0	0.46533927	(748.9344482421875, 546.9910888671875)	1629.5441
1.0	4.0	0.48815036	(749.9786376953125, 545.7880859375)	1595.8513
1.0	4.0	0.47911528	(750.650634765625, 544.6114501953125)	1535.7208
1.0	4.0	0.49609163	(751.02978515625, 543.6557006835938)	1434.1569
1.0	4.0	0.51806444	(751.312744140625, 543.448486328125)	1382.2229
1.0	4.0	0.5064197	(748.25390625, 542.772705078125)	1148.5519
1.0	4.0	0.5028642	(745.5223388671875, 542.1150512695312)	1064.4518
1.0	4.0	0.49858743	(744.0986328125, 541.8472900390625)	1060.1996
1.0	4.0	0.47379652	(744.78173828125, 542.0773315429688)	1118.64
1.0	4.0	0.20260966	(743.885986328125, 541.4121704101562)	1290.2115
1.0	4.0	0.22451477	(744.2680053710938, 541.4805908203125)	1411.4476
1.0	4.0	0.28789192	(744.4652709960938, 541.7293701171875)	1508.5255
1.0	4.0	0.31053853	(744.2880859375, 541.465576171875)	1519.7233
1.0	4.0	0.13669121	(743.6486206054688, 541.2275390625)	1573.8289
1.0	4.0	0.12469578	(743.2637939453125, 540.8795166015625)	1586.068
1.0	4.0	0.26852682	(742.97314453125, 539.9398193359375)	1535.6361
1.0	2.0	0.10373486	(742.4300537109375, 539.1064453125)	1602.1665
1.0	2.0	0.1951134	(743.3988647460938, 540.08056640625)	1667.6443
1.0	2.0	0.11237657	(743.013916015625, 539.0023193359375)	1682.9808
1.0	2.0	0.16500296	(741.8966064453125, 539.0025634765625)	1718.5175
1.0	2.0	0.19414634	(741.20458984375, 539.2139892578125)	1748.8956
1.0	2.0	0.2007636	(740.770751953125, 539.27783203125)	1787.1504
1.0	2.0	0.19085497	(740.3614501953125, 539.607177734375)	1784.249
1.0	2.0	0.184834	(741.75341796875, 539.7131958007812)	1678.7749
1.0	2.0	0.20862646	(740.518310546875, 538.9300537109375)	1791.061
1.0	2.0	0.35803598	(739.263671875, 538.1033325195312)	1822.7976
1.0	2.0	0.32291305	(738.7958984375, 537.3641357421875)	1871.0652
1.0	2.0	0.5042389	(736.737548828125, 535.24365234375)	1865.9796
1.0	2.0	0.51743466	(735.6165771484375, 534.0760498046875)	1921.462
1.0	2.0	0.50822526	(733.947021484375, 534.3780517578125)	1990.3065
1.0	2.0	0.5108877	(733.18701171875, 534.7236328125)	2027.6244
1.0	2.0	0.45704287	(733.4876098632812, 535.4261474609375)	2039.9784
1.0	2.0	0.4062923	(733.744384765625, 536.1732177734375)	2015.7052
1.0	2.0	0.3919037	(733.3414306640625, 536.1349487304688)	1963.0842
1.0	2.0	0.5055741	(732.7919921875, 535.4395141601562)	1937.8214
1.0	2.0	0.49522123	(732.9969482421875, 535.1593017578125)	1954.5156
1.0	2.0	0.46214265	(734.0768432617188, 535.492431640625)	1919.6068
1.0	2.0	0.33051598	(735.112060546875, 536.0139770507812)	1909.3282
1.0	2.0	0.20471464	(736.0635375976562, 536.6173095703125)	1864.2727
1.0	4.0	0.34498754	(736.9013671875, 536.4129028320312)	1822.1514
1.0	2.0	0.5131421	(735.4030151367188, 533.7471923828125)	2122.5232
1.0	2.0	0.619156	(734.2572631835938, 532.590087890625)	2310.4678
1.0	2.0	0.60084695	(733.56591796875, 532.1763916015625)	2327.5286
1.0	2.0	0.61980075	(733.0321044921875, 532.0938110351562)	2352.093
1.0	2.0	0.5935498	(732.4092407226562, 532.222412109375)	2328.6865
1.0	2.0	0.5926352	(731.968505859375, 532.2938842773438)	2341.3867
1.0	2.0	0.5854429	(731.9027709960938, 532.5865478515625)	2341.5945
1.0	2.0	0.57865727	(731.7279052734375, 532.5932006835938)	2332.1436
1.0	2.0	0.5933224	(731.6749267578125, 532.442626953125)	2325.156
1.0	2.0	0.6158632	(730.9761352539062, 531.3289794921875)	2413.3398
1.0	2.0	0.5982588	(731.0074462890625, 530.8428955078125)	2436.6907
1.0	2.0	0.58771163	(732.5116577148438, 531.14501953125)	2360.4492
1.0	2.0	0.5881544	(732.24853515625, 530.186767578125)	2466.1123
1.0	2.0	0.6001981	(734.644287109375, 532.8685302734375)	2504.1104
1.0	2.0	0.6031714	(735.072998046875, 533.3572387695312)	2596.006
1.0	2.0	0.6004245	(735.8001098632812, 534.3594970703125)	2583.7761
1.0	2.0	0.5980282	(735.1611328125, 533.74755859375)	2610.637
1.0	2.0	0.60478306	(734.7098388671875, 532.6583251953125)	2486.5696
1.0	2.0	0.5995885	(734.204345703125, 532.1402587890625)	2411.331
1.0	2.0	0.54172903	(733.8905029296875, 532.6365356445312)	2331.1423
1.0	2.0	0.5669087	(732.861083984375, 532.0988159179688)	2346.7598
1.0	2.0	0.5851231	(732.5972900390625, 532.1632690429688)	2385.0916
1.0	2.0	0.5934757	(733.0654296875, 532.66796875)	2370.1362
1.0	2.0	0.57435614	(733.1367797851562, 532.4913940429688)	2362.78
1.0	2.0	0.5806713	(733.054443359375, 532.1026611328125)	2347.5715
1.0	2.0	0.6562832	(732.5833740234375, 532.188720703125)	2453.878
1.0	2.0	0.6156398	(732.549072265625, 532.441162109375)	2510.8025
1.0	2.0	0.61088675	(732.9501953125, 532.5415649414062)	2527.6284
1.0	2.0	0.6135438	(733.2656860351562, 533.2335205078125)	2584.4863
1.0	2.0	0.5977082	(734.119140625, 534.0335693359375)	2641.404
1.0	2.0	0.5740936	(734.5726318359375, 534.1055297851562)	2646.5032
1.0	2.0	0.572287	(734.381591796875, 533.915283203125)	2628.023
1.0	2.0	0.5974773	(734.2553100585938, 534.5191040039062)	2650.6128
1.0	2.0	0.5539442	(733.43798828125, 533.22998046875)	2560.645
1.0	2.0	0.54738927	(732.9953002929688, 532.7694091796875)	2543.8965
1.0	2.0	0.5810693	(733.3906860351562, 533.8546142578125)	2483.0679
1.0	2.0	0.56733656	(733.7757568359375, 534.3165283203125)	2426.1433
1.0	2.0	0.5919856	(732.5062255859375, 533.3645629882812)	2438.3433
1.0	2.0	0.59988	(732.0118408203125, 532.9461669921875)	2446.26
1.0	2.0	0.5925495	(731.7806396484375, 532.6874389648438)	2435.8228
1.0	2.0	0.557377	(731.5870361328125, 532.40576171875)	2390.8855
1.0	2.0	0.5557846	(731.5408935546875, 532.1051025390625)	2406.696
1.0	2.0	0.5586914	(731.2335205078125, 530.9974975585938)	2417.38
1.0	2.0	0.55394197	(731.4904174804688, 530.9701538085938)	2420.8132
1.0	2.0	0.49403718	(732.078369140625, 531.7510375976562)	2424.6318
1.0	2.0	0.52979577	(732.3221435546875, 531.83349609375)	2438.9385
1.0	2.0	0.53468907	(732.2855224609375, 531.7344970703125)	2440.6091
1.0	2.0	0.50335807	(732.9405517578125, 532.2401123046875)	2444.6768
1.0	2.0	0.4795369	(733.5059204101562, 532.71337890625)	2321.664
1.0	2.0	0.5276356	(734.1981201171875, 533.8818969726562)	2367.0713
1.0	2.0	0.4956681	(734.5128173828125, 534.34423828125)	2343.5823
1.0	2.0	0.50777435	(734.2646484375, 534.6988525390625)	2343.5518
1.0	2.0	0.52206075	(733.8986206054688, 534.896484375)	2353.6567
1.0	2.0	0.54404396	(733.8966064453125, 535.344482421875)	2364.0186
1.0	2.0	0.5490797	(733.8626708984375, 535.4608154296875)	2377.9446
1.0	2.0	0.5440403	(734.0086059570312, 535.3181762695312)	2387.491
1.0	2.0	0.52314675	(734.2470092773438, 535.2322387695312)	2377.5188
1.0	2.0	0.50080174	(734.344482421875, 535.009033203125)	2364.0945
1.0	2.0	0.5056633	(734.1571044921875, 534.2254028320312)	2486.4116
1.0	2.0	0.49132144	(734.68310546875, 534.3494873046875)	2554.1743
1.0	2.0	0.5025944	(735.154052734375, 535.0328979492188)	2583.1558
1.0	2.0	0.5939825	(734.7576904296875, 533.7940673828125)	2604.5105
1.0	2.0	0.6010931	(734.5969848632812, 533.2576904296875)	2618.4766
1.0	2.0	0.59062403	(734.5897827148438, 533.1387939453125)	2612.5325
1.0	2.0	0.60003024	(734.3787841796875, 532.9307861328125)	2614.5496
1.0	2.0	0.5991061	(733.7168579101562, 532.4185180664062)	2617.4763
1.0	2.0	0.5662991	(733.6689453125, 532.322265625)	2532.6223
1.0	2.0	0.59306014	(732.996826171875, 531.562255859375)	2524.8813
1.0	2.0	0.604959	(732.645751953125, 531.035888671875)	2531.1414
1.0	2.0	0.5931434	(732.609375, 531.1993408203125)	2529.1626
1.0	2.0	0.56044686	(732.9442749023438, 532.12939453125)	2504.5325
1.0	2.0	0.5325429	(733.5232543945312, 533.91455078125)	2546.9275
1.0	2.0	0.48326796	(734.3748168945312, 536.285400390625)	2363.789
1.0	2.0	0.4578447	(734.4417724609375, 536.5845336914062)	2591.723
1.0	2.0	0.39021686	(735.405517578125, 537.2776489257812)	2504.9385
1.0	2.0	0.44010434	(736.0628662109375, 537.706298828125)	2345.0967
1.0	2.0	0.4220671	(735.9298706054688, 535.9583740234375)	2638.281
1.0	2.0	0.5034401	(735.60400390625, 534.83642578125)	2822.012
1.0	2.0	0.5213717	(735.3602294921875, 534.1597900390625)	2882.979
1.0	2.0	0.517608	(735.285888671875, 533.6328125)	2863.4216
1.0	2.0	0.44913906	(735.5123291015625, 533.5796508789062)	2816.338
1.0	2.0	0.44922036	(735.471435546875, 533.5447387695312)	2763.3457
1.0	2.0	0.49219733	(734.9066772460938, 533.2969970703125)	2723.2998
1.0	2.0	0.4321739	(735.1417236328125, 534.251220703125)	2522.33
1.0	2.0	0.46359333	(735.1558837890625, 534.742431640625)	2477.219
1.0	2.0	0.62306195	(734.3563232421875, 536.0053100585938)	2341.3665
1.0	2.0	0.6189652	(734.0631713867188, 536.5589599609375)	2283.5212
1.0	2.0	0.61593986	(734.22998046875, 537.240234375)	2296.0532
1.0	2.0	0.5692085	(734.3642578125, 537.00341796875)	2250.3188
1.0	2.0	0.5352638	(735.1756591796875, 537.908935546875)	2255.6306
1.0	2.0	0.53401524	(735.8553466796875, 538.3606567382812)	2303.7986
1.0	2.0	0.5436578	(736.1488037109375, 538.2980346679688)	2413.7007
1.0	2.0	0.54524046	(736.74072265625, 538.462646484375)	2493.4348
1.0	2.0	0.49291575	(736.9932861328125, 538.3075561523438)	2491.237
1.0	2.0	0.49784958	(736.945556640625, 537.7371826171875)	2502.1162
1.0	2.0	0.503098	(737.0857543945312, 537.8702392578125)	2528.374
1.0	2.0	0.50098926	(736.6256103515625, 537.305419921875)	2539.4731
1.0	2.0	0.4926558	(736.3843994140625, 537.5240478515625)	2594.9783
1.0	2.0	0.45930585	(736.2918701171875, 537.1237182617188)	2563.3708
1.0	2.0	0.5190153	(734.9874267578125, 535.7432250976562)	2735.7068
1.0	2.0	0.49971452	(735.1466064453125, 536.0185546875)	2618.5203
1.0	2.0	0.5103843	(734.0515747070312, 535.2769775390625)	2667.6428
1.0	2.0	0.5345539	(733.5013427734375, 534.9944458007812)	2688.2534
1.0	2.0	0.4749854	(734.0151977539062, 535.9642333984375)	2582.1865
1.0	2.0	0.48978144	(733.5931396484375, 535.06494140625)	2652.715
1.0	2.0	0.4022023	(734.7275390625, 536.9376220703125)	2540.708
1.0	2.0	0.38125822	(735.1553344726562, 537.6915893554688)	2552.6174
1.0	2.0	0.4210419	(735.9058837890625, 538.0753173828125)	2601.5964
1.0	4.0	0.16974102	(737.072509765625, 538.6317138671875)	2383.29
1.0	2.0	0.55557317	(736.626220703125, 536.3348999023438)	2752.9775
1.0	2.0	0.594095	(736.5784912109375, 534.9192504882812)	2839.2842
1.0	2.0	0.6462087	(736.080078125, 533.30712890625)	2864.8142
1.0	2.0	0.6436055	(735.51708984375, 531.8048095703125)	2831.2302
1.0	2.0	0.621784	(735.400390625, 531.855224609375)	2806.7495
1.0	2.0	0.5777474	(735.5904541015625, 532.8516845703125)	2710.6262
1.0	2.0	0.50065726	(734.953369140625, 534.2448120117188)	2533.9675
1.0	2.0	0.5027769	(734.4847412109375, 535.4612426757812)	2506.22
1.0	2.0	0.5756623	(734.8720703125, 538.659912109375)	2498.137
1.0	2.0	0.6485693	(733.970947265625, 537.8963012695312)	2595.2444
1.0	2.0	0.63718665	(733.396728515625, 537.3572998046875)	2557.2466
1.0	2.0	0.66398317	(734.246337890625, 537.952392578125)	2575.446
1.0	2.0	0.64753246	(733.6118774414062, 535.5423583984375)	2667.361
1.0	2.0	0.6457616	(733.7310791015625, 534.158203125)	2633.1528
1.0	2.0	0.64229834	(734.1695556640625, 533.470703125)	2629.0137
1.0	2.0	0.6061275	(734.7069091796875, 533.0208740234375)	2653.6309
1.0	2.0	0.6188547	(735.07958984375, 532.822998046875)	2711.2043
1.0	2.0	0.6361884	(734.888671875, 532.0927734375)	2732.181
1.0	2.0	0.608732	(734.9913330078125, 532.0931396484375)	2752.502
1.0	2.0	0.59650177	(734.65576171875, 532.1537475585938)	2776.9543
1.0	2.0	0.5824428	(735.088623046875, 532.5155029296875)	2792.6155
1.0	2.0	0.5660233	(735.1568603515625, 533.0101318359375)	2779.3076
1.0	2.0	0.54121023	(735.6220092773438, 533.2763061523438)	2712.9097
1.0	2.0	0.62821877	(735.1553955078125, 532.9992065429688)	2608.2502
1.0	2.0	0.6776597	(735.0834350585938, 533.28125)	2612.2556
1.0	2.0	0.6406381	(735.3455200195312, 534.1430053710938)	2495.795
1.0	2.0	0.65373015	(735.4447021484375, 533.8551635742188)	2438.189
1.0	2.0	0.65619385	(734.3997192382812, 532.747314453125)	2520.1855
1.0	2.0	0.68081564	(734.8292236328125, 535.1717529296875)	2527.3281
1.0	2.0	0.67431486	(735.2249145507812, 536.8405151367188)	2455.2415
1.0	2.0	0.6626988	(735.3458251953125, 537.8768310546875)	2489.4534
1.0	2.0	0.64860195	(735.6175537109375, 539.1536865234375)	2511.1228
1.0	2.0	0.61126405	(736.3753662109375, 539.2200927734375)	2430.8281
1.0	2.0	0.6426014	(734.6661376953125, 537.207275390625)	2513.806
1.0	2.0	0.6781345	(734.2940673828125, 534.9876098632812)	2800.152
1.0	2.0	0.7022278	(734.4638671875, 533.257080078125)	2891.26
1.0	2.0	0.615616	(735.9356689453125, 534.3753051757812)	2640.452
1.0	2.0	0.6079598	(736.6063232421875, 534.532958984375)	2540.9602
1.0	2.0	0.61809844	(736.626708984375, 534.504150390625)	2526.0388
1.0	2.0	0.5763507	(736.091064453125, 533.8591918945312)	2637.603
1.0	2.0	0.5579397	(736.1913452148438, 535.7673950195312)	2577.0608
1.0	2.0	0.5308823	(735.7891235351562, 536.836181640625)	2501.089
1.0	2.0	0.5882176	(735.388427734375, 538.0048828125)	2428.8345
1.0	2.0	0.60494214	(734.5579833984375, 538.0967407226562)	2388.2463
1.0	2.0	0.61350644	(734.2368774414062, 537.66064453125)	2519.93
1.0	2.0	0.626827	(734.1808471679688, 537.7073364257812)	2538.524
1.0	2.0	0.63133943	(734.26220703125, 537.23779296875)	2507.153
1.0	2.0	0.6272404	(734.1427612304688, 536.6972045898438)	2533.7478
1.0	2.0	0.6739082	(733.7056274414062, 534.1390380859375)	2641.2136
1.0	2.0	0.6371659	(734.9283447265625, 534.18359375)	2546.0247
1.0	2.0	0.614681	(735.3646240234375, 533.7291259765625)	2633.1812
1.0	2.0	0.61525327	(735.9903564453125, 534.578369140625)	2632.3967
1.0	2.0	0.5820026	(736.5449829101562, 536.2429809570312)	2491.629
1.0	2.0	0.596478	(737.0698852539062, 537.5208740234375)	2451.1465
1.0	2.0	0.6051636	(737.556396484375, 538.5202026367188)	2418.355
1.0	2.0	0.5818417	(737.5645751953125, 539.26171875)	2417.7031
1.0	2.0	0.59057045	(737.1526489257812, 539.725341796875)	2409.4658
1.0	2.0	0.59549713	(736.29833984375, 539.4788818359375)	2383.945
1.0	2.0	0.5533211	(735.6869506835938, 538.830322265625)	2308.0164
1.0	2.0	0.54113907	(735.8265380859375, 537.1738891601562)	2367.338
1.0	2.0	0.59437346	(735.6834716796875, 536.3052978515625)	2380.502
1.0	2.0	0.5846402	(735.58642578125, 535.789306640625)	2370.7478
1.0	2.0	0.595808	(735.5135498046875, 535.459228515625)	2385.9216
1.0	2.0	0.5803087	(735.2723388671875, 535.7432250976562)	2389.277
1.0	2.0	0.5702668	(735.3175048828125, 536.1818237304688)	2417.2703
1.0	2.0	0.5644919	(735.321533203125, 537.2049560546875)	2409.7568
1.0	2.0	0.63787526	(734.4483032226562, 537.8865966796875)	2329.6292
1.0	2.0	0.62365246	(734.469482421875, 538.3016967773438)	2352.412
1.0	2.0	0.6216009	(734.6018676757812, 537.9757080078125)	2398.6145
1.0	2.0	0.6134186	(734.8519897460938, 537.2402954101562)	2417.2969
1.0	2.0	0.62658757	(735.781005859375, 536.9841918945312)	2497.7676
1.0	2.0	0.62240785	(735.970947265625, 535.7056274414062)	2558.993
1.0	2.0	0.6117957	(736.1318359375, 534.1735229492188)	2746.6177
1.0	2.0	0.60306257	(736.2974853515625, 533.6691284179688)	2820.8145
1.0	2.0	0.61290514	(736.05029296875, 532.6679077148438)	2804.529
1.0	2.0	0.5967507	(735.20458984375, 532.18310546875)	2790.694
1.0	2.0	0.5572927	(734.94921875, 532.3566284179688)	2758.0383
1.0	2.0	0.54224205	(734.5145263671875, 533.2460327148438)	2738.1138
1.0	2.0	0.5695432	(733.951171875, 534.9339599609375)	2635.1804
1.0	2.0	0.5815634	(733.8668212890625, 537.51416015625)	2469.7102
1.0	2.0	0.62948275	(733.3890991210938, 538.0062255859375)	2398.4734
1.0	2.0	0.63350517	(732.8428955078125, 537.0985107421875)	2551.9844
1.0	2.0	0.65932274	(733.3956909179688, 538.940185546875)	2582.9832
1.0	2.0	0.6192773	(733.4717407226562, 539.2424926757812)	2619.9333
1.0	2.0	0.6186412	(734.1314086914062, 537.1948852539062)	2408.7942
1.0	2.0	0.608777	(734.7852783203125, 534.47802734375)	2487.4568
1.0	2.0	0.6311873	(735.0703125, 532.94189453125)	2605.1365
1.0	2.0	0.65215236	(734.9188232421875, 531.718017578125)	2698.5608
1.0	2.0	0.6389591	(735.115966796875, 531.8721923828125)	2767.2869
1.0	2.0	0.6007341	(734.708740234375, 532.3551025390625)	2773.917
1.0	2.0	0.59371376	(735.0771484375, 534.2301025390625)	2584.6108
1.0	2.0	0.58330476	(735.4174194335938, 535.735595703125)	2501.5186
1.0	2.0	0.569453	(735.2862548828125, 537.0840454101562)	2404.8665
1.0	2.0	0.5748843	(736.124755859375, 538.8388671875)	2395.3223
1.0	2.0	0.5549384	(736.159423828125, 540.0146484375)	2328.4026
1.0	2.0	0.5157565	(736.4444580078125, 540.3260498046875)	2317.1355
1.0	2.0	0.5958076	(736.6839599609375, 540.9457397460938)	2395.3545
1.0	2.0	0.5615888	(736.5347900390625, 540.53173828125)	2413.2085
1.0	2.0	0.597233	(735.591796875, 539.032958984375)	2504.6714
1.0	2.0	0.62818235	(735.3528442382812, 537.53955078125)	2571.0364
1.0	2.0	0.63660204	(735.0228271484375, 536.3367309570312)	2597.9382
1.0	2.0	0.6336791	(734.67724609375, 536.2359619140625)	2597.896
1.0	2.0	0.62461835	(734.0346069335938, 536.3109741210938)	2503.3445
1.0	2.0	0.662905	(733.7275390625, 537.4020385742188)	2542.4326
1.0	2.0	0.68916255	(733.4306030273438, 537.8987426757812)	2576.1287
1.0	2.0	0.6892622	(733.0556640625, 538.111572265625)	2542.8396
1.0	2.0	0.67739236	(732.7415771484375, 538.725341796875)	2461.619
1.0	2.0	0.6547002	(732.6021728515625, 539.20263671875)	2398.348
1.0	2.0	0.7170778	(732.5594482421875, 539.0100708007812)	2389.3083
1.0	2.0	0.71961087	(732.8199462890625, 538.6952514648438)	2470.8538
1.0	2.0	0.6894246	(732.8458251953125, 537.6495971679688)	2438.2307
1.0	2.0	0.6562284	(732.9488525390625, 535.81103515625)	2415.106
1.0	2.0	0.670034	(734.3990478515625, 534.4827880859375)	2582.3638
1.0	2.0	0.6582289	(735.814453125, 534.6332397460938)	2575.362
1.0	2.0	0.6501639	(736.7909545898438, 534.3330688476562)	2577.0479
1.0	2.0	0.64934886	(737.2891845703125, 533.9242553710938)	2412.1816
1.0	2.0	0.56188357	(737.9954833984375, 535.1417846679688)	2397.3555
1.0	2.0	0.52071	(737.664306640625, 536.444580078125)	2364.7468
1.0	2.0	0.5820046	(736.4534912109375, 537.2222900390625)	2329.5933
1.0	2.0	0.57477677	(735.5827026367188, 537.6563110351562)	2385.881
1.0	2.0	0.65388054	(734.9273681640625, 537.63232421875)	2446.3157
1.0	2.0	0.64390683	(734.12939453125, 537.2990112304688)	2439.8647
1.0	2.0	0.64911914	(733.9951171875, 536.8609008789062)	2453.4429
1.0	2.0	0.6649932	(732.8615112304688, 534.3889770507812)	2446.2476
1.0	2.0	0.6692741	(733.5194702148438, 534.3107299804688)	2437.7432
1.0	2.0	0.67390794	(733.1234130859375, 532.4403076171875)	2424.3948
1.0	2.0	0.6584004	(733.376220703125, 532.3980712890625)	2389.5286
1.0	2.0	0.6600493	(733.520751953125, 532.538330078125)	2343.2034
1.0	2.0	0.6566588	(733.297119140625, 533.2449951171875)	2393.2532
1.0	2.0	0.67053854	(732.9363403320312, 533.6416625976562)	2466.8599
1.0	2.0	0.68537015	(733.1770629882812, 534.77880859375)	2449.1948
1.0	2.0	0.69070065	(732.7235717773438, 534.693115234375)	2328.4602
1.0	2.0	0.6924017	(732.314697265625, 535.1716918945312)	2219.2534
1.0	2.0	0.6818925	(731.7573852539062, 535.4575805664062)	2157.0774
1.0	2.0	0.6928204	(731.1695556640625, 535.0916748046875)	2243.3345
1.0	2.0	0.6886142	(730.781494140625, 534.3858032226562)	2272.9773
1.0	2.0	0.686666	(730.286865234375, 533.4774169921875)	2264.161
1.0	2.0	0.67617524	(730.243896484375, 532.4989624023438)	2158.966
1.0	2.0	0.67480284	(730.884765625, 531.8617553710938)	2113.0635
1.0	2.0	0.66421574	(730.8568115234375, 531.114990234375)	2209.4844
1.0	2.0	0.7074727	(730.9573974609375, 530.719482421875)	2302.164
1.0	2.0	0.69472337	(730.972412109375, 531.09912109375)	2348.3167
1.0	2.0	0.7005134	(732.2981567382812, 533.6832275390625)	2309.1572
1.0	2.0	0.67872363	(732.5220947265625, 535.5089111328125)	2277.4133
1.0	2.0	0.6839093	(732.52587890625, 536.685546875)	2189.2087
1.0	2.0	0.68507963	(731.6392822265625, 537.164794921875)	2262.0474
1.0	2.0	0.6636455	(730.932861328125, 537.5009155273438)	2282.081
1.0	2.0	0.6302473	(729.3619384765625, 537.5449829101562)	2256.2234
1.0	2.0	0.6389485	(728.18408203125, 536.8223876953125)	2169.0432
1.0	2.0	0.6107557	(727.5455322265625, 536.227294921875)	2160.4402
1.0	2.0	0.5873459	(726.89404296875, 535.0420532226562)	2149.8425
1.0	2.0	0.5733963	(727.8416748046875, 535.9168090820312)	2141.7644
1.0	2.0	0.5348512	(728.0515747070312, 536.1837158203125)	2171.8372
1.0	2.0	0.54741186	(728.7605590820312, 536.4290771484375)	2244.3816
1.0	2.0	0.5964664	(729.8781127929688, 536.949951171875)	2376.0364
1.0	2.0	0.6054379	(730.6708984375, 537.1663208007812)	2365.4421
1.0	2.0	0.6823484	(730.265625, 537.223388671875)	2448.3938
1.0	2.0	0.6619066	(730.8773193359375, 537.8240966796875)	2452.799
1.0	2.0	0.6705858	(731.3643188476562, 537.52685546875)	2486.212
1.0	2.0	0.65807045	(731.9154052734375, 537.9464111328125)	2525.218
1.0	2.0	0.67948115	(731.86767578125, 537.38134765625)	2550.5325
1.0	2.0	0.6610591	(731.6923828125, 536.8360595703125)	2457.7515
1.0	2.0	0.605472	(731.117919921875, 536.271240234375)	2300.999
1.0	2.0	0.5882701	(730.888671875, 536.007568359375)	2131.0813
1.0	2.0	0.6138415	(730.3526611328125, 535.2750854492188)	2186.7798
1.0	2.0	0.6336878	(729.6796875, 535.5242309570312)	2335.668
1.0	2.0	0.58425176	(728.7611083984375, 535.5748291015625)	2418.939
1.0	2.0	0.55523485	(728.1779174804688, 536.658447265625)	2445.3975
1.0	2.0	0.5981314	(728.4649658203125, 537.7396850585938)	2280.0002
1.0	2.0	0.5757358	(727.56005859375, 537.980712890625)	2201.9097
1.0	2.0	0.5968498	(727.66943359375, 538.1680908203125)	2183.066
1.0	2.0	0.6307705	(728.319091796875, 538.6314697265625)	2200.2764
1.0	2.0	0.64695346	(728.6072998046875, 538.7429809570312)	2232.2676
1.0	2.0	0.662113	(729.1097412109375, 538.2606201171875)	2317.8135
1.0	2.0	0.6663665	(730.0257568359375, 537.9114990234375)	2294.9277
1.0	2.0	0.656568	(730.8855590820312, 537.8746337890625)	2300.8804
1.0	2.0	0.6564183	(731.4434814453125, 537.5427856445312)	2280.757
1.0	2.0	0.6575314	(731.771484375, 536.2698364257812)	2172.9717
1.0	2.0	0.6682041	(732.4823608398438, 535.6766357421875)	2245.587
1.0	2.0	0.6520264	(733.158447265625, 535.9921875)	2410.7104
